{"cameraMode":{"drawMode":0,"name":"Shaded","section":"Shading Mode"},"sceneLighting":true,"audioPlay":false,"sceneViewState":{"m_AlwaysRefresh":false,"showFog":true,"showSkybox":true,"showFlares":true,"showImageEffects":true,"showParticleSystems":true,"showVisualEffectGraphs":true,"m_FxEnabled":true},"in2DMode":false,"pivot":{"x":-0.032305844128131869,"y":1.0638017654418946,"z":-1.0557395219802857},"rotation":{"x":0.0446365661919117,"y":0.9506436586380005,"z":-0.15817835927009583,"w":0.2655913531780243},"size":1.5322171449661255,"orthographic":false}